Condition,Number,Price
NYOP,1,1
NYOP,1,1
NYOP,1,0.01
NYOP,1,0.1
NYOP,1,0.01
NYOP,2,0.02
NYOP,1,5
NYOP,1,1
NYOP,2,0.02
NYOP,1,0.05
NYOP,1,0.75
NYOP,1,1.5
NYOP,1,0.2
NYOP,1,0.01
NYOP,1,1
NYOP,1,0.01
NYOP,1,0.25
NYOP,1,2
NYOP,2,2
NYOP,2,2
NYOP,1,1
NYOP,1,0.93
NYOP,3,0.03
NYOP,1,0.93
NYOP,1,0.35
NYOP,1,10
NYOP,1,1
NYOP,1,0.01
NYOP,1,5
NYOP,1,0.93
NYOP,1,0.5
NYOP,1,1
NYOP,1,0.01
NYOP,1,0.93
NYOP,1,1
NYOP,1,1
NYOP,1,0.05
NYOP,1,1
NYOP,1,0.25
NYOP,1,1
NYOP,1,5
NYOP,1,2
NYOP,1,0.22
NYOP,2,0.2
NYOP,1,0.09
NYOP,1,0.1
NYOP,1,1
NYOP,1,2
NYOP,1,1
NYOP,1,0.01
NYOP,2,0.02
NYOP,2,0.02
NYOP,1,3
NYOP,1,1.86
NYOP,3,0.03
NYOP,1,0.93
NYOP,1,0
NYOP,1,5
NYOP,2,2
NYOP,2,1
NYOP,1,0.11
NYOP,1,0.9
NYOP,1,1
NYOP,1,0.93
NYOP,1,1
NYOP,1,5
NYOP,1,0.93
NYOP,1,0.93
NYOP,1,0.93
NYOP,1,0.01
NYOP,3,2.79
NYOP,1,1
NYOP,1,0.01
NYOP,2,2
NYOP,1,0.5
NYOP,4,4
NYOP,1,1
NYOP,1,1
NYOP,2,2
NYOP,1,1
NYOP,1,0.01
NYOP,3,0.75
NYOP,1,0.25
NYOP,1,0.93
NYOP,1,0.93
NYOP,1,0.93
NYOP,1,0.01
NYOP,2,0.02
NYOP,4,0.04
NYOP,2,0.5
NYOP,2,2
NYOP,1,3
NYOP,1,0.01
NYOP,2,2
NYOP,3,3
NYOP,1,0.5
NYOP,2,0.46
NYOP,1,2
NYOP,1,0.01
NYOP,1,0.93
NYOP,1,1
NYOP,2,0.02
NYOP,1,3
NYOP,1,0.01
NYOP,1,0.35
NYOP,1,2
NYOP,1,10
NYOP,3,0.03
NYOP,5,5
NYOP,1,0.93
NYOP,2,0.02
NYOP,1,0.01
NYOP,1,0.93
NYOP,1,0.93
NYOP,1,1
NYOP,3,3.75
NYOP,1,1
NYOP,2,0.02
NYOP,1,2
NYOP,1,0.01
NYOP,1,0.01
NYOP,1,0.09
NYOP,1,0.01
NYOP,4,2
NYOP,1,0.01
NYOP,3,2.79
NYOP,2,2
NYOP,4,1
NYOP,1,0.01
NYOP,1,1
NYOP,1,0.93
NYOP,1,1
NYOP,1,1
NYOP,1,1
NYOP,1,0.93
NYOP,1,1
NYOP,1,5
NYOP,1,5
NYOP,2,2
NYOP,1,0.93
NYOP,1,1
NYOP,1,1
NYOP,1,0
NYOP,4,10
NYOP,1,0.1
NYOP,1,0.1
NYOP,1,0.01
NYOP,2,1.86
NYOP,1,0.01
NYOP,1,0.93
NYOP,1,0.25
NYOP,1,1
NYOP,2,0.46
NYOP,2,0.5
NYOP,1,0.5
NYOP,1,1
NYOP,2,0.9
NYOP,1,1
NYOP,1,1
NYOP,2,5
NYOP,1,5
NYOP,1,1
NYOP,1,1
NYOP,1,1
NYOP,1,0.25
NYOP,1,0.25
NYOP,1,1
NYOP,1,1
NYOP,1,1
NYOP,1,1
NYOP,1,1
NYOP,2,2
NYOP,1,5
NYOP,4,2
NYOP,1,1
NYOP,1,0.01
NYOP,1,0.25
NYOP,1,0.05
NYOP,1,3
NYOP,2,5
NYOP,3,0.03
NYOP,1,5
NYOP,2,2
NYOP,1,1
NYOP,1,1
NYOP,2,10
NYOP,1,0
NYOP,1,5
NYOP,1,7
NYOP,1,1
NYOP,1,4.69
NYOP,2,1
NYOP,1,0.93
NYOP,2,2
NYOP,4,0.04
NYOP,1,1.87
NYOP,1,3
NYOP,1,1
NYOP,2,1
NYOP,1,0.15
NYOP,1,0.9
NYOP,1,2
NYOP,2,0.02
NYOP,1,0.93
NYOP,1,0.01
NYOP,1,0.93
NYOP,1,1
NYOP,1,2
NYOP,1,0.1
NYOP,1,1
NYOP,1,1
NYOP,1,1
NYOP,1,2
NYOP,1,0.93
NYOP,1,1
NYOP,1,0.02
NYOP,2,0.86
NYOP,1,0.93
NYOP,1,0.5
NYOP,1,0.01
NYOP,4,1
NYOP,1,2
NYOP,1,2
NYOP,1,0.93
NYOP,1,0.93
NYOP,1,1
NYOP,2,2
NYOP,1,1
NYOP,1,1.87
NYOP,3,0.03
NYOP,2,0.02
NYOP,2,1.86
NYOP,2,1.86
NYOP,1,0.01
NYOP,3,0.99
NYOP,3,0.03
NYOP,1,0.01
NYOP,1,0.01
NYOP,1,1
NYOP,2,0.02
NYOP,1,5
NYOP,2,0.86
NYOP,3,1.5
NYOP,1,1
NYOP,2,0.9
NYOP,2,1.86
NYOP,1,1
NYOP,1,0.93
NYOP,2,0.5
NYOP,1,0.25
NYOP,2,8
NYOP,3,0.03
NYOP,3,0.75
NYOP,1,0.25
NYOP,1,0.5
NYOP,2,0.44
NYOP,1,1
NYOP,2,0.1
NYOP,2,1
NYOP,1,0.5
NYOP,2,1
NYOP,5,0.05
NYOP,2,0.1
NYOP,4,0.2
NYOP,1,0.01
NYOP,2,2
NYOP,1,0.25
NYOP,1,0.05
NYOP,1,0.01
NYOP,2,0.2
NYOP,2,2
NYOP,2,4
NYOP,2,0.9
NYOP,1,0.01
NYOP,1,3
NYOP,1,0.93
NYOP,2,0.02
NYOP,1,0.1
NYOP,3,4.5
NYOP,5,0.2
NYOP,3,0
NYOP,1,0.01
NYOP,2,2
NYOP,4,0.6
NYOP,1,0.5
NYOP,1,0.01
NYOP,1,0.25
NYOP,1,1.11
NYOP,3,0.03
NYOP,1,0.68
NYOP,2,0.02
NYOP,3,0.03
NYOP,1,0.5
NYOP,1,1
NYOP,1,3
NYOP,1,0.93
NYOP,6,0.06
NYOP,4,1
NYOP,3,6
NYOP,1,0.93
NYOP,1,1
NYOP,1,1
NYOP,1,0.01
NYOP,1,1
NYOP,1,0.05
NYOP,1,0.01
NYOP,1,0.25
NYOP,1,1
NYOP,1,0.25
NYOP,2,1
NYOP,1,0.01
NYOP,1,0.93
NYOP,1,0.01
NYOP,1,5
NYOP,1,1
NYOP,1,1
NYOP,1,5
NYOP,1,0.01
NYOP,2,1
NYOP,1,0.93
NYOP,3,3
NYOP,1,0.01
NYOP,1,1
NYOP,2,2
NYOP,2,1
NYOP,1,0.05
NYOP,1,0.5
NYOP,1,0.25
NYOP,2,9.38
NYOP,1,2
NYOP,1,0.01
NYOP,2,2
NYOP,2,1.5
NYOP,1,3
NYOP,1,5
NYOP,1,5
NYOP,1,2
NYOP,1,5
NYOP,2,2
NYOP,1,1
NYOP,2,1
NYOP,3,3
NYOP,1,0.1
NYOP,2,0.1
NYOP,1,0.01
NYOP,1,0.01
NYOP,1,0.23
NYOP,1,1
NYOP,1,0.58
NYOP,1,2
NYOP,3,6
NYOP,1,0.93
NYOP,1,0.93
NYOP,1,2.5
NYOP,1,0.01
NYOP,1,2
NYOP,6,6
NYOP,2,0.02
NYOP,1,1
NYOP,2,3
NYOP,1,0.93
NYOP,1,0.93
NYOP,1,0.01
NYOP,2,0.9
NYOP,2,2
NYOP,4,0.08
NYOP,1,2
NYOP,1,0.01
NYOP,1,1
NYOP,1,2
NYOP,1,0.5
NYOP,3,3
NYOP,4,0.04
NYOP,1,0.09
NYOP,1,0.47
NYOP,1,1
NYOP,1,1
NYOP,2,2
NYOP,2,2
NYOP,1,1
NYOP,4,2
NYOP,1,0.22
NYOP,6,0.9
NYOP,1,1
NYOP,1,0.25
NYOP,2,0.5
NYOP,1,5
NYOP,2,0.02
NYOP,1,2
NYOP,2,0.02
NYOP,1,2
NYOP,1,0.23
NYOP,2,2
NYOP,2,4
NYOP,1,0
NYOP,2,1.5
NYOP,2,2
NYOP,1,1
NYOP,1,1
NYOP,1,1
NYOP,2,2
NYOP,2,1
NYOP,3,0.03
NYOP,2,1.86
NYOP,1,0.01
NYOP,1,0.01
NYOP,1,0.01
NYOP,2,0.94
NYOP,2,1
NYOP,1,2
NYOP,2,0.5
NYOP,2,1
NYOP,1,0.9
NYOP,3,1.5
NYOP,1,0.93
NYOP,1,0.1
NYOP,2,0
NYOP,1,0.93
NYOP,2,10
NYOP,1,0.01
NYOP,1,5
NYOP,1,0.01
NYOP,1,0.25
NYOP,2,0.1
NYOP,1,0.5
NYOP,3,0.03
NYOP,1,1
NYOP,3,0.75
NYOP,4,0.04
NYOP,1,0.2
NYOP,1,1.5
NYOP,1,0.25
NYOP,1,0.18
NYOP,1,0.93
NYOP,1,0.93
NYOP,1,0.25
NYOP,1,0.25
NYOP,1,0.01
NYOP,2,1
NYOP,2,0.1
NYOP,2,0.5
NYOP,2,0.02
NYOP,1,0.01
NYOP,1,0.01
NYOP,1,0.05
NYOP,1,1
NYOP,2,1
NYOP,1,5
NYOP,1,1
NYOP,1,0.93
NYOP,1,1
NYOP,1,1
NYOP,1,1
NYOP,1,10
NYOP,1,5
NYOP,1,0.93
NYOP,1,1
NYOP,1,0.01
NYOP,1,2
NYOP,1,2
NYOP,1,2
NYOP,1,0.01
NYOP,1,0.93
NYOP,1,5
NYOP,2,1
NYOP,1,3
NYOP,1,0.2
NYOP,1,4
NYOP,1,0.25
NYOP,4,3.72
NYOP,1,1
NYOP,1,0.01
NYOP,1,0.5
NYOP,2,1
NYOP,1,2
NYOP,1,0.93
NYOP,1,4.67
NYOP,1,0.93
NYOP,1,5
NYOP,1,0.4
NYOP,1,0.53
NYOP,1,5
NYOP,1,2
NYOP,1,2
NYOP,1,0.93
NYOP,1,0.93
NYOP,1,5
NYOP,1,0.93
NYOP,1,4.69
NYOP,1,0.01
NYOP,2,5
NYOP,1,0.01
NYOP,1,4.69
NYOP,1,3
NYOP,1,0.93
NYOP,1,1
NYOP,1,1
NYOP,1,0.93
NYOP,1,1
NYOP,4,0.2
NYOP,4,1
NYOP,1,1
NYOP,1,0.93
NYOP,1,0.93
NYOP,1,2
NYOP,1,5
NYOP,1,0.93
NYOP,2,5
NYOP,2,1
NYOP,2,0.5
NYOP,1,1
NYOP,2,10
NYOP,1,1
NYOP,4,4
NYOP,2,0.02
NYOP,1,0.93
NYOP,1,1.87
NYOP,1,0.01
NYOP,2,2
NYOP,1,1
NYOP,1,0.09
NYOP,1,0.01
NYOP,1,0.1
NYOP,2,0.02
NYOP,1,1
NYOP,1,5
NYOP,1,3
NYOP,1,3
NYOP,1,0.36
NYOP,1,2
NYOP,1,0.01
NYOP,1,0.01
NYOP,1,0.25
NYOP,2,2
NYOP,1,0.46
NYOP,1,0.47
NYOP,2,2
NYOP,1,1
NYOP,1,0.01
NYOP,2,2
NYOP,1,0.93
NYOP,1,5
NYOP,1,1
NYOP,3,0.03
NYOP,1,0.01
NYOP,1,5
NYOP,1,4.69
NYOP,1,5
NYOP,1,2
NYOP,1,0.46
NYOP,1,1
NYOP,5,5
NYOP,2,0.9
NYOP,3,2.25
NYOP,1,5
NYOP,1,1
NYOP,1,1
NYOP,1,1
NYOP,2,2
NYOP,1,0.05
NYOP,1,0.5
NYOP,1,0.93
NYOP,1,1
NYOP,1,0.2
NYOP,1,0.01
NYOP,2,0.5
NYOP,1,5
NYOP,1,2
NYOP,1,0
NYOP,1,0.01
NYOP,1,1
NYOP,2,2
NYOP,1,1
NYOP,2,1.86
NYOP,1,2
NYOP,2,2
NYOP,1,0.93
NYOP,2,1.86
NYOP,1,0.93
NYOP,2,1
NYOP,2,1
NYOP,1,1
NYOP,1,0.01
NYOP,1,0.45
NYOP,1,0.47
NYOP,1,0.01
NYOP,3,2.79
NYOP,2,2
NYOP,1,1
NYOP,1,0.25
NYOP,1,1
NYOP,1,1
NYOP,3,3
NYOP,1,1
NYOP,1,0.8
NYOP,1,1
NYOP,1,1
NYOP,1,5
NYOP,2,0.5
NYOP,1,0.23
NYOP,1,0.05
NYOP,2,0.02
NYOP,1,0.01
NYOP,2,2
NYOP,1,0.01
NYOP,1,1
NYOP,1,1
NYOP,1,1
NYOP,1,0.93
NYOP,1,1
NYOP,1,0.5
NYOP,1,1
NYOP,3,3
NYOP,2,1
NYOP,2,2
NYOP,1,0.01
NYOP,2,1
NYOP,1,1
NYOP,1,1
NYOP,1,0.93
NYOP,1,1
NYOP,3,0.15
NYOP,1,1
NYOP,6,0.06
NYOP,3,0.99
NYOP,4,1
NYOP,1,2
NYOP,1,2
NYOP,1,1
NYOP,2,1
NYOP,1,0.25
NYOP,1,0.25
NYOP,1,3
NYOP,1,1
NYOP,1,1
NYOP,1,1
NYOP,2,0.02
NYOP,1,1
NYOP,4,4
NYOP,1,1
NYOP,1,0.01
NYOP,1,1
NYOP,2,1
NYOP,1,0.93
NYOP,1,1
NYOP,2,1
NYOP,5,1
NYOP,1,0.5
NYOP,1,0.01
NYOP,1,2
NYOP,2,2
NYOP,2,0.02
NYOP,1,5
NYOP,2,2
NYOP,1,0.01
NYOP,1,1
NYOP,1,5
NYOP,3,3
NYOP,2,1.8
NYOP,1,5
NYOP,1,1
NYOP,1,0.25
NYOP,1,0.25
NYOP,1,0.25
NYOP,3,3
NYOP,2,0.5
NYOP,1,0.93
NYOP,1,0.5
NYOP,1,0.01
NYOP,1,0.93
NYOP,1,1
NYOP,1,0.01
NYOP,1,1
NYOP,2,0.02
NYOP,1,0.01
NYOP,1,0.01
NYOP,3,0.03
NYOP,1,0.34
NYOP,2,1
NYOP,2,1
NYOP,1,1
NYOP,3,0.03
NYOP,3,0.03
NYOP,2,0.02
NYOP,2,0.02
NYOP,1,0.98
NYOP,1,2
NYOP,2,0.02
NYOP,3,1.5
NYOP,1,0.93
NYOP,1,0.93
NYOP,1,0.01
NYOP,3,0.03
NYOP,1,1
NYOP,2,0.02
NYOP,2,0.24
NYOP,2,1
NYOP,1,1
NYOP,1,0.93
NYOP,1,0.93
NYOP,1,1
NYOP,1,0.93
NYOP,1,0.93
NYOP,1,3
NYOP,2,0.92
NYOP,1,0.01
NYOP,1,0.01
NYOP,2,0.5
NYOP,1,5
NYOP,3,0.03
NYOP,1,0.75
NYOP,2,0.02
NYOP,1,0.25
NYOP,1,0.25
NYOP,1,1
NYOP,1,0.93
NYOP,2,1.86
NYOP,1,2
NYOP,1,1
NYOP,1,0.15
NYOP,2,0.02
NYOP,2,0.02
NYOP,1,0.5
NYOP,4,0.08
NYOP,1,0.01
NYOP,1,0.01
NYOP,1,0.29
NYOP,2,0.5
NYOP,1,0.01
NYOP,2,0.5
NYOP,3,0.15
NYOP,4,1
NYOP,2,2
NYOP,1,0.93
NYOP,1,0.25
NYOP,1,0.01
NYOP,1,0.5
NYOP,2,0.04
NYOP,2,0.5
NYOP,1,1
NYOP,1,1.94
NYOP,1,0.01
NYOP,1,0.01
NYOP,1,0.23
NYOP,3,0.75
NYOP,1,0.01
NYOP,1,0
NYOP,1,0.01
NYOP,1,0
NYOP,2,1
NYOP,1,2
NYOP,1,0.25
NYOP,1,0.22
NYOP,3,4.5
NYOP,1,0.25
NYOP,1,0.1
NYOP,1,0.01
NYOP,1,0.01
NYOP,2,0.2
NYOP,1,0.5
NYOP,1,0.56
NYOP,1,0.01
NYOP,1,0.5
NYOP,1,0.01
NYOP,1,0.93
NYOP,1,0.2
NYOP,1,2
NYOP,2,0.5
NYOP,3,3
NYOP,1,0.5
NYOP,1,0.25
NYOP,1,0.5
NYOP,2,0.02
NYOP,3,3
NYOP,1,1
NYOP,1,1
NYOP,1,2
NYOP,1,4.69
NYOP,1,0.01
NYOP,1,0.05
NYOP,1,0.06
NYOP,1,10
NYOP,1,0.93
NYOP,1,0.01
NYOP,1,0.93
NYOP,1,0.93
NYOP,1,2
NYOP,1,2.8
NYOP,1,0.01
NYOP,1,1.87
NYOP,1,5
NYOP,1,0.93
NYOP,2,2
NYOP,3,0.75
NYOP,1,0.01
NYOP,1,2
NYOP,2,0.5
NYOP,1,1.07
NYOP,2,5
NYOP,1,0.93
NYOP,1,0.93
NYOP,2,2
NYOP,1,0.25
NYOP,1,1
NYOP,1,1
NYOP,2,1.86
NYOP,1,0.93
NYOP,1,1
NYOP,1,1
NYOP,1,2
NYOP,1,1.87
NYOP,1,1
NYOP,1,0.12
NYOP,1,0.13
NYOP,1,0.7
NYOP,2,0.02
NYOP,2,1.5
NYOP,1,0.5
NYOP,4,2
NYOP,1,1
NYOP,1,1
NYOP,3,3
NYOP,1,1
NYOP,3,0.45
NYOP,2,1
NYOP,1,2
NYOP,2,2
NYOP,1,0.01
NYOP,1,0.99
NYOP,1,0.23
NYOP,1,1
NYOP,1,5
NYOP,2,2
NYOP,1,1
NYOP,1,1
NYOP,2,0.94
NYOP,1,1
NYOP,1,0.93
NYOP,1,0.93
NYOP,1,1
NYOP,2,2
NYOP,2,2
NYOP,1,0.23
NYOP,1,2.81
NYOP,1,2.81
NYOP,1,1
NYOP,2,2
NYOP,1,2
NYOP,1,1
NYOP,1,1
NYOP,2,10
NYOP,1,1
NYOP,1,5
NYOP,1,0.01
NYOP,1,0.93
NYOP,3,3
NYOP,1,3
NYOP,1,0.01
NYOP,2,2
NYOP,5,1.25
NYOP,3,0.03
NYOP,2,1
NYOP,1,2
NYOP,2,1
NYOP,1,0.12
NYOP,1,0.13
NYOP,1,4.69
NYOP,3,1.98
NYOP,2,1
NYOP,4,4
NYOP,1,4.69
NYOP,1,0.93
NYOP,1,0.5
NYOP,3,0.96
NYOP,1,1
NYOP,1,0.93
NYOP,1,0.93
NYOP,1,0.46
NYOP,1,4.69
NYOP,1,5
NYOP,1,0.25
NYOP,1,0.1
NYOP,1,3
NYOP,1,1
NYOP,1,0.01
NYOP,3,0.93
NYOP,1,0.99
NYOP,1,0.93
NYOP,2,0.1
NYOP,1,0.25
NYOP,1,0.93
NYOP,1,0.94
NYOP,1,2
NYOP,1,1
NYOP,1,1
NYOP,1,0.25
NYOP,1,2.78
NYOP,1,0.5
NYOP,1,1
NYOP,1,1
NYOP,1,4.69
NYOP,1,4.7
NYOP,1,1.87
NYOP,2,2
NYOP,1,10
NYOP,1,1
NYOP,1,1
NYOP,1,1
NYOP,1,0.45
NYOP,1,1
NYOP,1,5
NYOP,1,0.93
NYOP,1,0.94
NYOP,2,2
NYOP,1,1
NYOP,1,3
NYOP,1,0.01
NYOP,1,1
NYOP,1,0.05
NYOP,2,1
NYOP,1,1
NYOP,1,0.1
NYOP,1,0.25
NYOP,1,0.59
NYOP,1,0.25
NYOP,1,0.25
NYOP,1,0.25
NYOP,1,8.99
NYOP,2,0.1
NYOP,1,5
NYOP,1,1
NYOP,1,0.93
NYOP,1,1.87
NYOP,1,5
NYOP,2,2
NYOP,1,1
NYOP,1,1
NYOP,1,2
NYOP,4,4
NYOP,4,4
NYOP,2,2
NYOP,1,1
NYOP,1,0.93
NYOP,2,2
NYOP,1,0.93
NYOP,1,4.69
NYOP,2,0.5
NYOP,2,0.5
NYOP,1,0.5
NYOP,1,0
NYOP,1,0.93
NYOP,1,1
NYOP,2,2
NYOP,2,0.02
NYOP,1,0.93
NYOP,1,0.02
NYOP,1,0.05
NYOP,1,1
NYOP,1,2
NYOP,1,0.02
NYOP,2,1
NYOP,1,0.93
NYOP,2,1.86
NYOP,2,4
NYOP,1,2
NYOP,1,1
NYOP,1,0
NYOP,3,0.75
NYOP,2,0.5
NYOP,1,0.93
NYOP,1,0.1
NYOP,1,2
NYOP,1,0.93
NYOP,2,0.34
NYOP,1,0.01
NYOP,1,1.87
NYOP,1,0.41
NYOP,1,0.93
NYOP,1,1
NYOP,1,1
NYOP,3,0.48
NYOP,2,2
NYOP,1,0.93
NYOP,1,1
NYOP,1,1.87
NYOP,2,2
NYOP,1,2
NYOP,1,0.56
NYOP,1,0.05
NYOP,1,0.01
NYOP,1,2
NYOP,1,0.01
NYOP,3,1.89
NYOP,1,1.87
NYOP,2,1.86
NYOP,5,0.05
NYOP,4,0.04
NYOP,1,0.01
NYOP,1,0.93
NYOP,1,0.17
NYOP,1,1.87
NYOP,1,3
NYOP,1,0.02
NYOP,1,0.03
NYOP,1,2.81
NYOP,1,1.87
NYOP,1,3.65
NYOP,1,0.93
NYOP,1,0.93
NYOP,1,0.23
NYOP,5,0.2
NYOP,1,2
NYOP,1,1.87
NYOP,2,1.86
NYOP,1,0.93
NYOP,2,3.74
NYOP,1,1
NYOP,1,1
NYOP,1,2.81
NYOP,1,5.99
NYOP,1,1
NYOP,1,0.1
NYOP,1,1
NYOP,4,0.32
NYOP,1,0.26
NYOP,1,1
NYOP,2,0.04
NYOP,1,2
NYOP,2,0.46
NYOP,1,0.47
NYOP,2,2
NYOP,1,1
NYOP,4,1.88
NYOP,1,0.01
NYOP,1,0.93
NYOP,1,0.68
NYOP,1,0.01
NYOP,1,4.69
NYOP,1,0.93
NYOP,1,4.69
NYOP,1,0.93
NYOP,2,1.86
NYOP,2,0.92
NYOP,1,0.25
NYOP,1,0.93
NYOP,1,0.46
NYOP,1,0.93
NYOP,1,0.23
NYOP,1,0.93
NYOP,1,0.93
NYOP,1,9.39
NYOP,3,2.79
NYOP,1,0.01
NYOP,1,1
NYOP,1,0.45
NYOP,2,9.04
NYOP,1,1
NYOP,2,1
NYOP,1,1
NYOP,4,1
NYOP,1,0.02
NYOP,1,1
NYOP,1,2
NYOP,1,1
NYOP,1,5
NYOP,1,0.93
NYOP,1,1
NYOP,1,1
NYOP,1,1.87
NYOP,1,0.05
NYOP,1,0.01
NYOP,1,0.01
NYOP,1,0.01
NYOP,1,0.93
NYOP,2,0.5
NYOP,5,4.65
NYOP,1,2
NYOP,1,0.01
NYOP,3,0.09
NYOP,4,1
NYOP,1,0.93
NYOP,2,0.94
NYOP,1,4.69
NYOP,1,2
NYOP,1,2
NYOP,2,2
NYOP,1,0.46
NYOP,1,0.93
NYOP,1,1
NYOP,1,0.25
NYOP,2,8
NYOP,1,1
NYOP,1,1
NYOP,1,0
NYOP,1,1
NYOP,1,1
NYOP,1,0.01
NYOP,1,2
NYOP,1,1
NYOP,2,2
NYOP,1,0.25
NYOP,2,0.5
NYOP,1,1
NYOP,1,0.25
NYOP,1,2
NYOP,2,0.02
NYOP,1,1
NYOP,1,0.93
NYOP,2,1
NYOP,1,0.93
NYOP,2,2
NYOP,1,2
NYOP,2,4
NYOP,1,0.93
NYOP,2,10
NYOP,1,5
NYOP,2,3
NYOP,1,2
NYOP,1,0.93
NYOP,1,1
NYOP,1,0.93
NYOP,1,0.93
NYOP,1,0.93
NYOP,1,0.47
NYOP,1,0.93
NYOP,1,2.17
NYOP,1,1.87
NYOP,1,0.05
NYOP,2,2
NYOP,2,0.02
NYOP,1,0.01
NYOP,1,0.05
NYOP,2,0.02
NYOP,3,0.21
NYOP,2,2
NYOP,2,1.86
NYOP,2,0.02
NYOP,1,1
NYOP,1,0.01
NYOP,1,4.69
NYOP,1,1.87
NYOP,2,3.74
NYOP,1,0.23
NYOP,1,0.93
NYOP,1,0.93
NYOP,4,0.04
NYOP,2,1.86
NYOP,1,0.5
NYOP,5,1.15
NYOP,1,0.93
NYOP,2,2.8
NYOP,1,0.85
NYOP,2,0.04
NYOP,2,0.46
NYOP,1,0.93
NYOP,1,4.69
NYOP,1,0.47
NYOP,1,0.93
NYOP,4,0.04
NYOP,2,0.02
NYOP,2,0.04
NYOP,2,5
NYOP,2,1.86
NYOP,2,2
NYOP,1,0.93
NYOP,1,1
NYOP,1,0.93
NYOP,1,2.81
NYOP,2,0.5
NYOP,1,0.01
NYOP,1,4.69
NYOP,2,1.86
NYOP,1,0.01
NYOP,2,2.16
NYOP,2,2
NYOP,1,0.01
NYOP,1,0.93
NYOP,1,2
NYOP,1,0.93
NYOP,2,1.86
NYOP,2,3.74
NYOP,1,1.87
NYOP,1,0.23
NYOP,1,0.23
NYOP,4,1
NYOP,1,0.25
NYOP,2,0.92
NYOP,1,0.05
NYOP,1,0.1
NYOP,1,0.23
NYOP,2,2
NYOP,1,1
NYOP,2,1.86
NYOP,1,2
NYOP,1,1
NYOP,4,4
NYOP,1,1
NYOP,1,0.93
NYOP,1,1
NYOP,1,4.69
NYOP,1,0.01
NYOP,2,1
NYOP,2,3.74
NYOP,2,0.3
NYOP,2,1
NYOP,1,5
NYOP,1,1
NYOP,1,1
NYOP,1,0.23
NYOP,1,0.93
NYOP,2,2
NYOP,4,2
NYOP,2,0.02
NYOP,1,0.01
NYOP,2,1
NYOP,1,0.93
NYOP,2,1
NYOP,2,1.86
NYOP,3,0.03
NYOP,2,0.1
NYOP,1,0.93
NYOP,1,0.5
NYOP,1,2
NYOP,1,0.05
NYOP,1,0.1
NYOP,1,0.1
NYOP,4,2
NYOP,1,0.93
NYOP,2,0.94
NYOP,1,0.93
NYOP,2,4.68
NYOP,5,4.5
NYOP,2,1.86
NYOP,1,0.93
NYOP,1,1
NYOP,1,1.87
NYOP,1,0.05
NYOP,2,1
NYOP,1,0.01
NYOP,2,1.86
NYOP,2,1.5
NYOP,1,1.87
NYOP,1,0.23
NYOP,1,1.87
NYOP,1,1.86
NYOP,1,0.23
NYOP,2,0.2
NYOP,1,1.87
NYOP,1,1.87
NYOP,1,0.93
NYOP,1,0.93
NYOP,1,1.19
NYOP,1,0.93
NYOP,1,0.93
NYOP,1,0.93
NYOP,4,1
NYOP,1,0.93
NYOP,1,4.69
NYOP,2,0.44
NYOP,1,0.01
NYOP,1,0.93
NYOP,1,0.01
NYOP,2,0.94
NYOP,1,0.04
NYOP,1,0.06
NYOP,1,0.47
NYOP,1,0.48
NYOP,1,2.81
NYOP,2,0.18
NYOP,1,0.45
NYOP,1,0.46
NYOP,1,0.01
NYOP,1,1
NYOP,1,1
NYOP,1,0.01
NYOP,1,0.01
NYOP,1,0.93
NYOP,1,0.95
NYOP,1,0.93
NYOP,1,3
NYOP,1,0.75
NYOP,1,0.09
NYOP,1,0.93
NYOP,2,0.02
NYOP,1,2.33
NYOP,1,2.37
NYOP,2,9.38
NYOP,1,1.87
NYOP,2,1.86
NYOP,1,0.03
NYOP,1,0.05
NYOP,2,0.02
NYOP,2,0.02
NYOP,3,3
NYOP,2,1.86
NYOP,1,0.93
NYOP,1,4.69
NYOP,1,0.47
NYOP,1,0.48
NYOP,7,6.51
NYOP,1,2.37
NYOP,2,1.86
NYOP,1,0.23
NYOP,1,0.23
NYOP,2,0.48
NYOP,1,0.93
NYOP,1,0.93
NYOP,1,0.01
NYOP,1,0.01
NYOP,2,1.86
NYOP,2,1.86
NYOP,1,0.01
NYOP,1,1
NYOP,1,0.93
NYOP,4,0.92
NYOP,1,0.93
NYOP,1,3.74
NYOP,4,3.72
NYOP,3,0.12
NYOP,3,5.61
NYOP,1,0.93
NYOP,1,0.47
NYOP,2,1.86
NYOP,2,0.2
NYOP,3,0.06
NYOP,1,1.87
NYOP,2,0.24
NYOP,2,1.86
NYOP,2,0.1
NYOP,1,0.09
NYOP,1,0.1
NYOP,2,0.04
NYOP,1,0.45
NYOP,1,0.47
NYOP,1,0.15
NYOP,2,1.86
NYOP,2,0.24
NYOP,4,0.4
NYOP,1,0.01
NYOP,4,0.52
NYOP,1,4.69
NYOP,1,0.93
NYOP,1,0.01
NYOP,3,0.96
NYOP,1,0.93
NYOP,1,0.05
NYOP,1,0.24
NYOP,1,0.93
NYOP,1,0.24
NYOP,1,0.23
NYOP,1,0.24
NYOP,1,0.01
NYOP,2,0.1
NYOP,1,0.23
NYOP,1,1
NYOP,5,0.25
NYOP,3,0.99
NYOP,1,1
NYOP,1,0
NYOP,1,0.01
NYOP,1,0.5
NYOP,1,0.99
NYOP,4,0.04
NYOP,1,0
NYOP,1,0.01
NYOP,1,1
NYOP,1,0.25
NYOP,1,0.46
NYOP,1,0.05
NYOP,1,0.05
NYOP,1,0.25
NYOP,1,0.25
NYOP,1,0.25
NYOP,1,0.5
NYOP,1,0.5
NYOP,1,0.38
NYOP,1,0.5
NYOP,1,0.93
NYOP,1,4.69
NYOP,1,0.5
NYOP,1,0.93
NYOP,1,0.93
NYOP,1,0.24
NYOP,1,0.25
NYOP,1,0.93
NYOP,1,0.93
NYOP,1,1.87
NYOP,1,1.87
NYOP,1,1.87
NYOP,1,0.09
NYOP,1,0.93
NYOP,1,0.93
NYOP,1,4.69
NYOP,1,0.25
NYOP,1,3
NYOP,1,0.93
NYOP,1,0.93
NYOP,2,1.86
NYOP,1,0.93
NYOP,2,1.86
NYOP,1,0.5
NYOP,1,0.5
NYOP,1,2
NYOP,4,12
NYOP,2,2
NYOP,1,0.93
NYOP,1,0.93
NYOP,1,0.25
NYOP,2,2
NYOP,2,4
NYOP,1,0.93
NYOP,2,5
NYOP,2,5
NYOP,1,1
NYOP,1,0.93
NYOP,1,0.93
NYOP,1,0.93
NYOP,1,0.23
NYOP,2,0.1
NYOP,1,0.93
NYOP,1,1.87
NYOP,1,0.93
NYOP,1,0.93
NYOP,3,9.39
NYOP,1,1
NYOP,1,0.93
NYOP,2,1
NYOP,1,0.5
NYOP,1,3
NYOP,1,2
NYOP,1,5
NYOP,1,0.1
NYOP,1,4.69
NYOP,1,0.93
NYOP,2,1.86
NYOP,1,0.93
NYOP,1,0.93
NYOP,1,4.69
NYOP,1,0.93
NYOP,2,1.86
NYOP,1,0.23
NYOP,1,0.93
NYOP,1,0.93
NYOP,1,0.01
NYOP,1,0.01
NYOP,6,9
NYOP,1,4.69
NYOP,3,0.03
NYOP,1,0.93
NYOP,2,1.86
NYOP,1,0.93
NYOP,3,2.79
NYOP,1,1.87
NYOP,1,0.05
NYOP,4,2
NYOP,1,0.18
NYOP,1,0.93
NYOP,1,0.93
NYOP,1,0.93
NYOP,1,0.93
NYOP,4,0.92
NYOP,1,0.01
NYOP,1,4.69
NYOP,1,0.93
NYOP,1,0.47
NYOP,2,0.46
NYOP,2,0.94
NYOP,2,0.94
NYOP,1,0.93
NYOP,1,4.69
NYOP,1,0.93
NYOP,1,2
NYOP,1,0.93
NYOP,1,1
NYOP,1,0.01
NYOP,1,0.03
NYOP,5,0.75
NYOP,1,1
NYOP,1,0.93
NYOP,1,1.87
NYOP,2,1
NYOP,2,10
NYOP,2,0.4
NYOP,1,0.23
NYOP,1,0.93
NYOP,1,4.69
NYOP,1,0.25
NYOP,1,1.87
NYOP,1,0.93
NYOP,1,1
NYOP,1,2
NYOP,1,0.02
NYOP,1,0.03
NYOP,2,2
NYOP,2,2
NYOP,2,1.86
NYOP,2,4.66
NYOP,1,2
NYOP,1,0.93
NYOP,1,0.93
NYOP,1,0.47
NYOP,2,2
NYOP,2,2
NYOP,2,2
NYOP,1,1
NYOP,1,0.92
NYOP,1,0.93
NYOP,3,0.93
NYOP,1,1
NYOP,1,1
NYOP,1,3
NYOP,1,1
NYOP,1,1
NYOP,1,0.93
NYOP,1,0.93
NYOP,1,1.75
NYOP,1,1
NYOP,1,0.5
NYOP,1,1
NYOP,1,1
NYOP,1,1
NYOP,1,0.25
NYOP,1,2
NYOP,1,1
NYOP,1,3
NYOP,4,4
NYOP,1,0.01
NYOP,1,1
NYOP,2,2
NYOP,2,0.9
NYOP,1,0.01
NYOP,1,1.56
NYOP,1,0.01
NYOP,1,0.01
NYOP,1,1.87
NYOP,1,1.35
NYOP,1,1.47
NYOP,1,1.87
NYOP,1,0.93
NYOP,2,0.8
NYOP,1,1.87
NYOP,1,4.69
NYOP,1,0.93
NYOP,3,1.5
NYOP,1,0.01
NYOP,1,0.25
NYOP,1,0.93
NYOP,2,1.86
NYOP,1,4.69
NYOP,1,0.93
NYOP,1,0.01
NYOP,1,0.01
NYOP,4,0.04
NYOP,1,0.01
NYOP,2,0.22
NYOP,1,0.01
NYOP,1,0.1
NYOP,4,4
NYOP,1,0.01
NYOP,1,4.69
NYOP,1,1.87
NYOP,1,0.93
NYOP,1,0.09
NYOP,1,0.46
NYOP,1,0.47
NYOP,1,0.23
NYOP,1,0.23
NYOP,1,3
NYOP,1,1
NYOP,1,1.87
NYOP,3,2.79
NYOP,2,0.94
NYOP,1,0.47
NYOP,1,0.48
NYOP,1,0.93
NYOP,1,0.46
NYOP,1,0.09
NYOP,1,0.46
NYOP,1,0.47
NYOP,3,2.79
NYOP,1,0.94
NYOP,1,0.01
NYOP,1,0.93
NYOP,1,0.93
NYOP,1,0.93
NYOP,1,2
NYOP,1,1
NYOP,1,0.01
NYOP,1,0.93
NYOP,1,0.93
NYOP,1,0.93
NYOP,2,1.86
NYOP,3,4.74
NYOP,2,0.06
NYOP,1,0.04
NYOP,1,4.69
NYOP,1,0.93
NYOP,1,4.69
NYOP,2,1.86
NYOP,2,4.68
NYOP,1,0.01
NYOP,1,0.01
NYOP,2,0.46
NYOP,1,0.93
NYOP,1,0.93
NYOP,2,1.86
NYOP,4,3.76
NYOP,1,0.93
NYOP,2,3.74
NYOP,1,0.93
NYOP,1,0.01
NYOP,1,0.01
NYOP,1,0.3
NYOP,2,0.66
NYOP,1,0.93
NYOP,1,1.87
NYOP,1,0.46
NYOP,2,0.06
NYOP,1,0.07
NYOP,2,0.16
NYOP,1,0.15
NYOP,1,0.23
NYOP,2,0.02
NYOP,2,0.02
NYOP,1,0.93
NYOP,1,0.01
NYOP,2,1.86
NYOP,1,0.01
NYOP,2,1.86
NYOP,1,0.94
NYOP,1,0.93
NYOP,4,6
NYOP,6,1.8
NYOP,1,0.93
NYOP,3,4.5
NYOP,2,0.46
NYOP,2,0.96
NYOP,1,0.93
NYOP,1,0.94
NYOP,1,0.93
NYOP,1,0.93
NYOP Charity,1,7
NYOP Charity,1,7.5
NYOP Charity,1,10
NYOP Charity,1,5
NYOP Charity,1,20
NYOP Charity,2,20
NYOP Charity,2,20
NYOP Charity,2,20
NYOP Charity,2,20
NYOP Charity,1,6
NYOP Charity,1,8
NYOP Charity,1,2
NYOP Charity,1,5
NYOP Charity,1,5
NYOP Charity,1,5
NYOP Charity,1,6
NYOP Charity,1,15
NYOP Charity,1,4.7
NYOP Charity,1,10
NYOP Charity,2,20
NYOP Charity,1,2
NYOP Charity,1,9.35
NYOP Charity,1,1
NYOP Charity,1,1
NYOP Charity,1,1
NYOP Charity,1,1
NYOP Charity,1,1
NYOP Charity,1,10
NYOP Charity,1,1
NYOP Charity,1,9.5
NYOP Charity,1,2
NYOP Charity,1,2.8
NYOP Charity,1,2
NYOP Charity,1,10
NYOP Charity,1,25
NYOP Charity,3,45
NYOP Charity,1,14.05
NYOP Charity,1,2.8
NYOP Charity,1,2
NYOP Charity,2,50
NYOP Charity,1,20
NYOP Charity,1,5
NYOP Charity,1,5
NYOP Charity,1,10
NYOP Charity,1,10
NYOP Charity,1,0
NYOP Charity,1,5
NYOP Charity,2,10
NYOP Charity,1,10
NYOP Charity,1,5
NYOP Charity,1,20
NYOP Charity,1,10
NYOP Charity,1,5
NYOP Charity,1,8
NYOP Charity,1,1
NYOP Charity,2,4
NYOP Charity,1,1
NYOP Charity,1,8
NYOP Charity,1,10
NYOP Charity,1,2
NYOP Charity,1,6
NYOP Charity,1,5
NYOP Charity,1,5
NYOP Charity,1,1.4
NYOP Charity,1,1.5
NYOP Charity,1,5
NYOP Charity,1,10
NYOP Charity,2,10
NYOP Charity,1,10
NYOP Charity,4,8
NYOP Charity,1,10
NYOP Charity,1,8
NYOP Charity,1,3
NYOP Charity,2,27.9
NYOP Charity,1,24
NYOP Charity,1,8
NYOP Charity,1,9.3
NYOP Charity,1,7.51
NYOP Charity,1,10
NYOP Charity,1,5
NYOP Charity,2,18.76
NYOP Charity,1,10
NYOP Charity,1,10
NYOP Charity,2,9.38
NYOP Charity,1,3.75
NYOP Charity,1,5.6
NYOP Charity,1,2
NYOP Charity,2,7.5
NYOP Charity,1,0.93
NYOP Charity,1,9.38
NYOP Charity,1,8
NYOP Charity,1,4.69
NYOP Charity,1,5
NYOP Charity,1,0.46
NYOP Charity,1,0.47
NYOP Charity,1,1
NYOP Charity,2,8
NYOP Charity,1,5
NYOP Charity,1,14.09
NYOP Charity,1,10
NYOP Charity,1,10
NYOP Charity,1,20
NYOP Charity,1,25
NYOP Charity,1,5
NYOP Charity,1,10
NYOP Charity,1,2
NYOP Charity,1,2
NYOP Charity,1,5
NYOP Charity,1,10
NYOP Charity,1,5
NYOP Charity,1,1.86
NYOP Charity,1,5
NYOP Charity,1,2
NYOP Charity,2,10
NYOP Charity,1,5
NYOP Charity,2,9.38
NYOP Charity,1,5
NYOP Charity,1,3
NYOP Charity,1,10
NYOP Charity,1,9.38
NYOP Charity,1,10
NYOP Charity,1,10
NYOP Charity,1,8
NYOP Charity,1,10
NYOP Charity,1,6.5
NYOP Charity,1,2
NYOP Charity,1,14
NYOP Charity,1,6
NYOP Charity,1,5
NYOP Charity,1,10
NYOP Charity,1,10
NYOP Charity,1,20
NYOP Charity,2,14
NYOP Charity,1,0.75
NYOP Charity,1,10
NYOP Charity,1,2
NYOP Charity,1,20
NYOP Charity,1,2
NYOP Charity,1,3
NYOP Charity,1,5
NYOP Charity,3,3
NYOP Charity,1,3
NYOP Charity,1,0.8
NYOP Charity,2,5
NYOP Charity,1,25
NYOP Charity,1,4.69
NYOP Charity,1,5
NYOP Charity,1,2
NYOP Charity,1,2.5
NYOP Charity,1,6
NYOP Charity,2,3
NYOP Charity,1,5
NYOP Charity,1,9.38
NYOP Charity,1,1.87
NYOP Charity,1,10
NYOP Charity,1,18.87
NYOP Charity,1,1.89
NYOP Charity,1,12
NYOP Charity,1,3
NYOP Charity,2,6
NYOP Charity,1,4
NYOP Charity,1,20
NYOP Charity,1,5
NYOP Charity,1,12
NYOP Charity,1,5
NYOP Charity,2,10
NYOP Charity,1,10
NYOP Charity,1,10
NYOP Charity,1,12.95
NYOP Charity,1,15
NYOP Charity,1,0.01
NYOP Charity,1,5
NYOP Charity,1,10
NYOP Charity,1,5
NYOP Charity,1,1.5
NYOP Charity,1,20
NYOP Charity,1,1.45
NYOP Charity,1,3
NYOP Charity,1,5
NYOP Charity,1,5
NYOP Charity,2,20
NYOP Charity,2,10
NYOP Charity,1,12
NYOP Charity,1,8
NYOP Charity,1,5
NYOP Charity,1,10
NYOP Charity,1,10
NYOP Charity,1,5
NYOP Charity,1,10
NYOP Charity,1,2
NYOP Charity,1,10
NYOP Charity,2,10
NYOP Charity,1,5
NYOP Charity,1,20
NYOP Charity,2,5
NYOP Charity,1,10
NYOP Charity,1,2
NYOP Charity,2,5
NYOP Charity,1,10
NYOP Charity,2,10
NYOP Charity,1,2
NYOP Charity,1,10
NYOP Charity,1,10
NYOP Charity,1,20
NYOP Charity,1,10
NYOP Charity,1,10
NYOP Charity,1,0.46
NYOP Charity,1,0.47
NYOP Charity,1,0.93
NYOP Charity,1,2
NYOP Charity,1,4.68
NYOP Charity,1,5
NYOP Charity,1,5
NYOP Charity,1,5
NYOP Charity,1,3
NYOP Charity,1,5
NYOP Charity,1,10
NYOP Charity,1,10
NYOP Charity,1,5
NYOP Charity,1,2
NYOP Charity,1,5
NYOP Charity,1,10
NYOP Charity,1,3
NYOP Charity,1,5
NYOP Charity,1,10
NYOP Charity,1,1.87
NYOP Charity,1,5
NYOP Charity,1,16
NYOP Charity,1,10
NYOP Charity,1,5
NYOP Charity,1,3
NYOP Charity,1,0.93
NYOP Charity,1,2
NYOP Charity,1,4.69
NYOP Charity,1,2
NYOP Charity,1,2
NYOP Charity,1,10
NYOP Charity,2,5
NYOP Charity,1,1.87
NYOP Charity,1,10
NYOP Charity,1,14
NYOP Charity,1,5
NYOP Charity,1,2
NYOP Charity,1,4.69
NYOP Charity,1,15
NYOP Charity,1,3
NYOP Charity,2,2
NYOP Charity,1,10
NYOP Charity,1,1
NYOP Charity,1,2
NYOP Charity,1,2.5
NYOP Charity,1,1.87
NYOP Charity,1,5
NYOP Charity,1,10
NYOP Charity,1,1
NYOP Charity,1,0.93
NYOP Charity,1,5
NYOP Charity,1,3.95
NYOP Charity,1,5
NYOP Charity,1,3
NYOP Charity,1,1
NYOP Charity,1,3
NYOP Charity,1,2
NYOP Charity,1,5
NYOP Charity,1,10
NYOP Charity,1,1
NYOP Charity,1,1
NYOP Charity,1,10
NYOP Charity,1,2
NYOP Charity,1,5
NYOP Charity,2,10
NYOP Charity,1,0.75
NYOP Charity,1,5
NYOP Charity,1,5
NYOP Charity,1,1.5
NYOP Charity,1,10
NYOP Charity,1,2
NYOP Charity,1,5
NYOP Charity,1,5
NYOP Charity,1,5
NYOP Charity,1,10
NYOP Charity,1,1.86
NYOP Charity,1,2
NYOP Charity,1,14
NYOP Charity,1,4.5
NYOP Charity,1,10
NYOP Charity,1,4.5
NYOP Charity,1,10
NYOP Charity,1,5
NYOP Charity,1,5
NYOP Charity,1,2
NYOP Charity,1,2
NYOP Charity,1,0.75
NYOP Charity,1,30
NYOP Charity,1,4
NYOP Charity,1,4
NYOP Charity,1,8
NYOP Charity,1,3
NYOP Charity,2,10
NYOP Charity,1,2
NYOP Charity,1,12.95
NYOP Charity,1,15
NYOP Charity,1,20
NYOP Charity,1,5
NYOP Charity,1,5
NYOP Charity,1,5
NYOP Charity,1,7
NYOP Charity,1,3
NYOP Charity,1,2
NYOP Charity,1,5
NYOP Charity,1,6
NYOP Charity,5,5
NYOP Charity,1,10
NYOP Charity,1,5
NYOP Charity,1,15
NYOP Charity,1,5
NYOP Charity,1,10
NYOP Charity,1,5
NYOP Charity,1,6
NYOP Charity,1,10
NYOP Charity,1,2.25
NYOP Charity,1,5
NYOP Charity,1,2
NYOP Charity,1,10
NYOP Charity,1,2.35
NYOP Charity,1,10
NYOP Charity,1,8
NYOP Charity,1,10
NYOP Charity,2,16
NYOP Charity,1,1
NYOP Charity,1,7
NYOP Charity,1,9
NYOP Charity,1,10
NYOP Charity,1,1.75
NYOP Charity,1,6
NYOP Charity,1,7
NYOP Charity,1,2
NYOP Charity,1,10
NYOP Charity,1,5
NYOP Charity,1,15
NYOP Charity,1,15
NYOP Charity,1,3
NYOP Charity,1,10
NYOP Charity,2,2
NYOP Charity,1,10
NYOP Charity,1,10
NYOP Charity,2,2
NYOP Charity,2,5
NYOP Charity,1,5
NYOP Charity,1,10
NYOP Charity,1,2
NYOP Charity,1,4
NYOP Charity,1,9.25
NYOP Charity,1,5
NYOP Charity,1,1
NYOP Charity,1,10
NYOP Charity,1,15
NYOP Charity,1,1
NYOP Charity,1,7
NYOP Charity,2,8
NYOP Charity,1,5
NYOP Charity,1,10
NYOP Charity,1,5
NYOP Charity,1,6
NYOP Charity,1,1.7
NYOP Charity,1,2
NYOP Charity,1,7.25
NYOP Charity,1,2
NYOP Charity,2,3
NYOP Charity,2,10
NYOP Charity,1,2
NYOP Charity,1,5
NYOP Charity,1,3
NYOP Charity,2,10
NYOP Charity,1,5
NYOP Charity,1,5
NYOP Charity,1,3
NYOP Charity,1,2
NYOP Charity,1,2
NYOP Charity,2,10
NYOP Charity,1,5
NYOP Charity,1,1
NYOP Charity,1,11
NYOP Charity,1,5
NYOP Charity,1,5
NYOP Charity,1,5
NYOP Charity,1,1
NYOP Charity,1,3
NYOP Charity,1,5
NYOP Charity,1,9
NYOP Charity,2,24
NYOP Charity,1,2
NYOP Charity,1,2
NYOP Charity,1,2.5
NYOP Charity,1,3
NYOP Charity,1,9
NYOP Charity,1,20
NYOP Charity,1,20
NYOP Charity,1,2.5
NYOP Charity,1,20
NYOP Charity,1,1
NYOP Charity,1,1
NYOP Charity,2,0.02
NYOP Charity,2,4
NYOP Charity,1,5
NYOP Charity,2,13
NYOP Charity,1,1
NYOP Charity,1,4
NYOP Charity,1,5
NYOP Charity,1,10
NYOP Charity,1,2
NYOP Charity,1,4
NYOP Charity,1,6
NYOP Charity,1,10
NYOP Charity,3,15
NYOP Charity,1,2
NYOP Charity,1,3.5
NYOP Charity,1,4
NYOP Charity,1,0.94
NYOP Charity,1,0.8
NYOP Charity,1,0.8
NYOP Charity,2,4.5
NYOP Charity,1,1
NYOP Charity,1,5
NYOP Charity,1,6
NYOP Charity,2,12
NYOP Charity,1,2
NYOP Charity,1,0.25
NYOP Charity,2,9
NYOP Charity,1,0.25
NYOP Charity,1,0.04
NYOP Charity,1,0.23
NYOP Charity,2,20
NYOP Charity,1,5
NYOP Charity,1,5
NYOP Charity,1,9.38
NYOP Charity,1,1.8
NYOP Charity,4,1.8
NYOP Charity,1,2
NYOP Charity,1,2
NYOP Charity,1,5
NYOP Charity,1,10
NYOP Charity,2,4.64
NYOP Charity,1,4.85
NYOP Charity,1,5
NYOP Charity,1,2
NYOP Charity,1,6
NYOP Charity,1,6
NYOP Charity,1,10
NYOP Charity,1,10
NYOP Charity,1,5
NYOP Charity,1,18.5
NYOP Charity,1,15
NYOP Charity,1,15
NYOP Charity,1,1
NYOP Charity,1,2
NYOP Charity,2,17
NYOP Charity,1,20
NYOP Charity,2,4
NYOP Charity,1,3
NYOP Charity,1,4
NYOP Charity,1,4
NYOP Charity,1,4.69
NYOP Charity,1,5
NYOP Charity,1,15
NYOP Charity,2,4.68
NYOP Charity,1,10
NYOP Charity,1,4.69
NYOP Charity,1,4.69
NYOP Charity,1,5
NYOP Charity,1,14.09
NYOP Charity,1,10
NYOP Charity,1,5
NYOP Charity,2,1
NYOP Charity,1,5
NYOP Charity,1,8
NYOP Charity,1,1.9
NYOP Charity,1,15
NYOP Charity,1,10
NYOP Charity,1,5
NYOP Charity,1,4.69
NYOP Charity,1,10
NYOP Charity,1,5
NYOP Charity,1,0.93
NYOP Charity,3,3
NYOP Charity,1,10
NYOP Charity,1,1
NYOP Charity,2,4
NYOP Charity,1,4.69
NYOP Charity,1,5
NYOP Charity,1,1.87
NYOP Charity,1,2.83
NYOP Charity,1,2.81
NYOP Charity,2,20
NYOP Charity,1,5
NYOP Charity,1,0.93
NYOP Charity,1,3
NYOP Charity,1,0.93
NYOP Charity,1,3
NYOP Charity,1,4.69
NYOP Charity,1,4.69
NYOP Charity,1,0.93
NYOP Charity,2,5.6
NYOP Charity,2,0.94
NYOP Charity,1,4.69
NYOP Charity,1,0.93
NYOP Charity,1,9.38
NYOP Charity,1,4.69
NYOP Charity,1,0.93
NYOP Charity,1,0.75
NYOP Charity,1,0.93
NYOP Charity,1,5
NYOP Charity,2,20
NYOP Charity,1,5
NYOP Charity,2,10
NYOP Charity,5,5
NYOP Charity,1,4.69
NYOP Charity,1,3.8
NYOP Charity,2,4
NYOP Charity,1,4.69
NYOP Charity,1,4
NYOP Charity,1,6
NYOP Charity,1,1.87
NYOP Charity,1,1.87
NYOP Charity,1,1.87
NYOP Charity,2,20
NYOP Charity,1,1
NYOP Charity,1,4.69
NYOP Charity,1,1.87
NYOP Charity,1,9.38
NYOP Charity,1,5
NYOP Charity,1,0.93
NYOP Charity,1,1.87
NYOP Charity,1,10
NYOP Charity,1,5
NYOP Charity,1,5
NYOP Charity,1,0.93
NYOP Charity,1,0.93
NYOP Charity,2,4.68
NYOP Charity,1,10
NYOP Charity,1,0.8
NYOP Charity,1,9.38
NYOP Charity,2,9.38
NYOP Charity,1,1.87
NYOP Charity,1,1
NYOP Charity,1,0.14
NYOP Charity,1,9.38
NYOP Charity,1,4.69
NYOP Charity,2,20
NYOP Charity,1,1
NYOP Charity,1,1.87
NYOP Charity,2,9.38
NYOP Charity,1,5
NYOP Charity,1,1.17
NYOP Charity,1,20
NYOP Charity,1,18.77
NYOP Charity,1,18.77
NYOP Charity,2,10
NYOP Charity,1,0.93
NYOP Charity,1,5
NYOP Charity,1,4.69
NYOP Charity,1,0.1
NYOP Charity,3,0.3
NYOP Charity,1,9.39
NYOP Charity,1,3.39
NYOP Charity,1,20
NYOP Charity,2,10
NYOP Charity,1,9.39
NYOP Charity,1,4.69
NYOP Charity,1,0.93
NYOP Charity,1,4.69
NYOP Charity,1,5
NYOP Charity,1,6
NYOP Charity,1,4.69
NYOP Charity,1,8
NYOP Charity,1,20
NYOP Charity,1,4.69
NYOP Charity,1,4.69
NYOP Charity,1,5
NYOP Charity,1,18.77
NYOP Charity,1,9.38
NYOP Charity,2,0.92
NYOP Charity,1,4.69
NYOP Charity,1,4.69
NYOP Charity,1,6
NYOP Charity,1,10
NYOP Charity,1,0.01
NYOP Charity,1,8
NYOP Charity,1,4.69
NYOP Charity,1,4.69
NYOP Charity,1,4.69
NYOP Charity,2,9.38
NYOP Charity,1,10
NYOP Charity,1,5
NYOP Charity,1,9.38
NYOP Charity,1,10
NYOP Charity,1,10
NYOP Charity,2,10
NYOP Charity,2,5
NYOP Charity,1,1
NYOP Charity,1,1
NYOP Charity,2,4.66
NYOP Charity,1,0.93
NYOP Charity,1,4.69
NYOP Charity,2,9.38
NYOP Charity,1,0.93
NYOP Charity,1,4.69
NYOP Charity,2,18.78
NYOP Charity,1,0.93
NYOP Charity,1,9.38
NYOP Charity,1,9.38
NYOP Charity,1,4.69
NYOP Charity,2,9.38
NYOP Charity,2,9.38
NYOP Charity,1,5
NYOP Charity,1,9.38
NYOP Charity,2,4.66
NYOP Charity,1,5
NYOP Charity,1,4.69
NYOP Charity,1,4.69
NYOP Charity,1,0.93
NYOP Charity,1,1
NYOP Charity,1,4.69
NYOP Charity,2,15
NYOP Charity,1,1.87
NYOP Charity,1,10
NYOP Charity,1,6
NYOP Charity,1,1.87
NYOP Charity,1,2
NYOP Charity,1,9.38
NYOP Charity,1,4.69
NYOP Charity,1,6
NYOP Charity,1,10
NYOP Charity,1,1.87
NYOP Charity,1,0.93
NYOP Charity,2,5
NYOP Charity,1,5
NYOP Charity,1,5
NYOP Charity,1,20
NYOP Charity,1,2
NYOP Charity,1,0.93
NYOP Charity,1,4.69
NYOP Charity,1,37.55
NYOP Charity,1,9.38
NYOP Charity,1,4.69
NYOP Charity,1,4.69
NYOP Charity,1,20
NYOP Charity,1,4.69
NYOP Charity,1,5
NYOP Charity,1,5
NYOP Charity,1,4.69
NYOP Charity,1,0.93
NYOP Charity,1,9.38
NYOP Charity,2,14
NYOP Charity,1,18.5
NYOP Charity,2,9.38
NYOP Charity,1,9.38
NYOP Charity,1,6
NYOP Charity,2,15
NYOP Charity,1,1.87
NYOP Charity,2,5
NYOP Charity,2,1.86
NYOP Charity,3,6
NYOP Charity,1,4.69
NYOP Charity,1,1.87
NYOP Charity,1,10
NYOP Charity,1,20
NYOP Charity,1,0.93
NYOP Charity,1,2
NYOP Charity,1,5.63
NYOP Charity,1,1
NYOP Charity,1,1.87
NYOP Charity,1,0.93
NYOP Charity,1,0.93
NYOP Charity,1,4
NYOP Charity,3,9.36
NYOP Charity,1,6
NYOP Charity,1,20
NYOP Charity,2,2
NYOP Charity,3,14.07
NYOP Charity,1,4.69
NYOP Charity,1,5
NYOP Charity,1,5
NYOP Charity,1,5
NYOP Charity,1,10
NYOP Charity,1,18.77
NYOP Charity,1,9.38
NYOP Charity,1,10
NYOP Charity,1,4.69
NYOP Charity,1,0.25
NYOP Charity,1,3
NYOP Charity,1,10
NYOP Charity,1,5
NYOP Charity,1,4.69
NYOP Charity,1,1
NYOP Charity,1,4.69
NYOP Charity,1,0.93
NYOP Charity,1,1
NYOP Charity,1,1.87
NYOP Charity,1,1.87
NYOP Charity,1,2.81
NYOP Charity,1,0.93
NYOP Charity,1,1.87
NYOP Charity,1,5
NYOP Charity,1,4.69
NYOP Charity,1,4.69
NYOP Charity,1,2
NYOP Charity,1,11
NYOP Charity,1,2.75
NYOP Charity,1,4.69
NYOP Charity,1,5
NYOP Charity,2,10
NYOP Charity,1,1
NYOP Charity,1,2
NYOP Charity,1,4.69
NYOP Charity,1,10
NYOP Charity,1,2
NYOP Charity,1,20
NYOP Charity,1,5
NYOP Charity,2,15
NYOP Charity,1,10
NYOP Charity,1,1.87
NYOP Charity,1,4.69
NYOP Charity,1,1.87
NYOP Charity,2,14
NYOP Charity,1,9.38
NYOP Charity,1,2
NYOP Charity,2,4
NYOP Charity,1,5
NYOP Charity,1,0.25
NYOP Charity,2,10
NYOP Charity,1,0.93
NYOP Charity,1,2.93
NYOP Charity,1,0.93
NYOP Charity,1,1.4
NYOP Charity,1,2.62
NYOP Charity,1,5
NYOP Charity,1,5
NYOP Charity,1,0.22
NYOP Charity,1,2
NYOP Charity,1,2
NYOP Charity,2,20
NYOP Charity,1,1
NYOP Charity,6,0.96
NYOP Charity,1,1.25
NYOP Charity,1,9.38
NYOP Charity,1,5
NYOP Charity,1,10
NYOP Charity,1,20
NYOP Charity,1,5
NYOP Charity,1,2
NYOP Charity,1,9.38
NYOP Charity,2,5
NYOP Charity,2,5
NYOP Charity,1,0.01
NYOP Charity,1,2.83
NYOP Charity,3,9.99
NYOP Charity,1,1.87
NYOP Charity,1,1.87
NYOP Charity,2,1.86
NYOP Charity,2,20
NYOP Charity,1,10
NYOP Charity,1,10
NYOP Charity,1,10
NYOP Charity,1,1
NYOP Charity,1,10
NYOP Charity,1,10
NYOP Charity,1,0.93
NYOP Charity,2,4
NYOP Charity,1,4.69
NYOP Charity,1,2.2
NYOP Charity,1,5
NYOP Charity,2,9.38
NYOP Charity,1,10
NYOP Charity,1,5
NYOP Charity,1,18.77
NYOP Charity,1,5
NYOP Charity,1,10
NYOP Charity,2,5
NYOP Charity,1,4
NYOP Charity,1,4.69
NYOP Charity,1,4
NYOP Charity,2,20
NYOP Charity,1,0.01
NYOP Charity,1,4.69
NYOP Charity,2,20
NYOP Charity,1,0.93
NYOP Charity,1,10
NYOP Charity,1,9.38
NYOP Charity,1,15
NYOP Charity,1,4.69
NYOP Charity,1,0.93
NYOP Charity,3,3
NYOP Charity,1,4.69
NYOP Charity,1,5
NYOP Charity,1,4.69
NYOP Charity,1,4.69
NYOP Charity,1,13
NYOP Charity,1,0.93
NYOP Charity,1,0.93
NYOP Charity,1,9.39
NYOP Charity,2,20
NYOP Charity,1,0.01
NYOP Charity,1,4.69
NYOP Charity,1,0.93
NYOP Charity,1,6
NYOP Charity,1,4
NYOP Charity,2,4
NYOP Charity,1,9.39
NYOP Charity,1,4.69
NYOP Charity,2,5
NYOP Charity,1,0.93
NYOP Charity,1,0.93
NYOP Charity,1,1.87
NYOP Charity,1,4.69
NYOP Charity,2,5
NYOP Charity,2,5
NYOP Charity,2,3.4
NYOP Charity,1,9.38
NYOP Charity,2,9.38
NYOP Charity,1,3
NYOP Charity,6,22.5
NYOP Charity,1,9.38
NYOP Charity,1,9.38
NYOP Charity,1,9.38
NYOP Charity,1,4.69
NYOP Charity,4,5.6
NYOP Charity,1,0.23
NYOP Charity,1,1.87
NYOP Charity,1,1.87
NYOP Charity,5,10
NYOP Charity,2,4
NYOP Charity,2,4
NYOP Charity,1,0.93
NYOP Charity,1,1.87
NYOP Charity,1,2
NYOP Charity,2,20
NYOP Charity,4,14.08
NYOP Charity,1,0.93
NYOP Charity,1,1.87
NYOP Charity,1,4.69
NYOP Charity,1,9.39
NYOP Charity,1,10
NYOP Charity,1,4.69
NYOP Charity,1,4.69
NYOP Charity,1,4.69
NYOP Charity,1,4.69
NYOP Charity,1,4.69
NYOP Charity,1,4.69
NYOP Charity,1,9.38
NYOP Charity,1,4.69
NYOP Charity,4,3
NYOP Charity,2,0.6
NYOP Charity,1,2
NYOP Charity,1,5
NYOP Charity,1,4.69
NYOP Charity,2,5
NYOP Charity,1,5
NYOP Charity,1,1
NYOP Charity,1,1.87
NYOP Charity,1,4
NYOP Charity,1,5
NYOP Charity,1,7
NYOP Charity,1,0.93
NYOP Charity,1,0.93
NYOP Charity,1,1.87
NYOP Charity,2,7
NYOP Charity,1,1.87
NYOP Charity,1,10
NYOP Charity,1,0.16
NYOP Charity,1,2
NYOP Charity,1,1
NYOP Charity,1,0.93
NYOP Charity,1,1.87
NYOP Charity,1,2
NYOP Charity,2,4
NYOP Charity,1,9.39
NYOP Charity,3,15
NYOP Charity,1,9.39
NYOP Charity,1,4.69
NYOP Charity,1,9.39
NYOP Charity,1,3
NYOP Charity,1,4.69
NYOP Charity,1,0.93
NYOP Charity,1,5
NYOP Charity,4,3.72
NYOP Charity,1,4.69
NYOP Charity,1,5
NYOP Charity,1,10
NYOP Charity,1,14
NYOP Charity,1,5
NYOP Charity,1,2.6
NYOP Charity,1,4
NYOP Charity,1,3
NYOP Charity,1,3
NYOP Charity,1,3.75
NYOP Charity,1,3
NYOP Charity,2,9.38
NYOP Charity,1,11.25
NYOP Charity,1,3
NYOP Charity,1,1.87
NYOP Charity,1,4.69
NYOP Charity,1,9.38
NYOP Charity,4,0.2
NYOP Charity,1,0.93
NYOP Charity,1,5
NYOP Charity,1,5
NYOP Charity,1,5
NYOP Charity,1,5
NYOP Charity,2,3.74
NYOP Charity,2,4.68
NYOP Charity,1,1
NYOP Charity,1,1.87
NYOP Charity,1,0.01
NYOP Charity,1,9.39
NYOP Charity,2,3.74
NYOP Charity,2,1
NYOP Charity,1,1.87
NYOP Charity,1,1
NYOP Charity,1,1
NYOP Charity,1,1
NYOP Charity,1,5
NYOP Charity,1,9.38
NYOP Charity,4,6.56
NYOP Charity,1,4.69
NYOP Charity,1,3
NYOP Charity,1,0.93
NYOP Charity,1,9.38
NYOP Charity,2,1.86
NYOP Charity,1,4
NYOP Charity,1,5
NYOP Charity,1,5
NYOP Charity,1,4.69
NYOP Charity,1,8
NYOP Charity,1,9.38
NYOP Charity,1,9.38
NYOP Charity,1,10
NYOP Charity,1,10
NYOP Charity,1,4
NYOP Charity,1,5
NYOP Charity,1,1
NYOP Charity,1,30
NYOP Charity,1,4.69
NYOP Charity,3,15
NYOP Charity,1,6
NYOP Charity,1,1
NYOP Charity,1,1
NYOP Charity,1,4.69
NYOP Charity,1,5
NYOP Charity,1,3
NYOP Charity,1,1
NYOP Charity,1,1.87
NYOP Charity,1,10
NYOP Charity,1,0.93
NYOP Charity,1,9.38
NYOP Charity,1,2.75
NYOP Charity,1,5
NYOP Charity,1,4.69
NYOP Charity,1,5
NYOP Charity,3,15
NYOP Charity,1,1.87
NYOP Charity,1,0.01
NYOP Charity,2,2
NYOP Charity,1,0.93
NYOP Charity,1,9.38
NYOP Charity,2,10
NYOP Charity,1,1.87
NYOP Charity,4,2.8
NYOP Charity,1,8
NYOP Charity,1,20
NYOP Charity,1,9.38
NYOP Charity,1,3.75
NYOP Charity,1,4.69
NYOP Charity,1,4.69
NYOP Charity,1,4.69
NYOP Charity,1,9.38
NYOP Charity,2,9.38
NYOP Charity,1,4.69
NYOP Charity,2,9.38
NYOP Charity,1,1.87
NYOP Charity,1,4.69
NYOP Charity,1,5.63
NYOP Charity,1,9.38
NYOP Charity,1,14.09
NYOP Charity,1,9.38
NYOP Charity,1,14.09
NYOP Charity,1,1.87
NYOP Charity,1,5
NYOP Charity,2,30
NYOP Charity,1,12.95
NYOP Charity,1,12.95
NYOP Charity,1,15
NYOP Charity,2,20
NYOP Charity,3,18
NYOP Charity,1,15
NYOP Charity,1,12.2
NYOP Charity,1,12.95
NYOP Charity,2,20
NYOP Charity,1,4.69
NYOP Charity,1,10
NYOP Charity,1,12.95
NYOP Charity,1,10
NYOP Charity,1,12.95
NYOP Charity,1,12.95
NYOP Charity,1,12.95
NYOP Charity,1,12.95
NYOP Charity,1,9.39
NYOP Charity,1,5
NYOP Charity,1,4.69
NYOP Charity,1,5
NYOP Charity,1,5
NYOP Charity,1,4.69
NYOP Charity,1,7
NYOP Charity,3,9.99
NYOP Charity,1,20
NYOP Charity,1,6
NYOP Charity,1,12.95
NYOP Charity,1,0.93
NYOP Charity,1,12.95
NYOP Charity,1,0.93
NYOP Charity,1,12.95
NYOP Charity,2,9.38
NYOP Charity,1,14.09
NYOP Charity,3,5.61
NYOP Charity,1,4.69
NYOP Charity,2,18.76
NYOP Charity,1,4.69
NYOP Charity,1,9.38
NYOP Charity,2,10
NYOP Charity,1,9.38
NYOP Charity,1,5
NYOP Charity,2,18.76
NYOP Charity,1,4.69
NYOP Charity,1,5
NYOP Charity,1,9.38
NYOP Charity,1,4.69
NYOP Charity,2,9.38
NYOP Charity,1,20
NYOP Charity,3,14.07
NYOP Charity,2,8
NYOP Charity,1,6.69
NYOP Charity,1,12
NYOP Charity,1,4.69
NYOP Charity,2,6.78
NYOP Charity,4,18.76
NYOP Charity,1,20
NYOP Charity,1,0.93
NYOP Charity,1,7.69
NYOP Charity,1,9.38
NYOP Charity,1,8
NYOP Charity,1,1.87
NYOP Charity,2,10
NYOP Charity,1,3.75
NYOP Charity,1,9.38
NYOP Charity,1,1.87
NYOP Charity,1,3.75
NYOP Charity,1,4.69
NYOP Charity,1,4.69
NYOP Charity,1,4.69
NYOP Charity,1,9.38
NYOP Charity,1,4
NYOP Charity,1,0.05
NYOP Charity,1,1.87
NYOP Charity,1,2.84
NYOP Charity,1,0.93
NYOP Charity,1,1.87
NYOP Charity,2,3.74
NYOP Charity,1,2
NYOP Charity,1,2
NYOP Charity,2,18.76
NYOP Charity,2,10
NYOP Charity,1,4
NYOP Charity,1,9.38
NYOP Charity,2,13
NYOP Charity,1,4.69
NYOP Charity,1,5
NYOP Charity,1,5
NYOP Charity,2,9.38
NYOP Charity,1,1
NYOP Charity,1,4.69
NYOP Charity,1,10
NYOP Charity,2,2
NYOP Charity,1,1
NYOP Charity,1,2.89
NYOP Charity,1,1
NYOP Charity,1,18.78
NYOP Charity,1,5
NYOP Charity,1,7
NYOP Charity,2,9.38
NYOP Charity,1,6
NYOP Charity,1,1.87
NYOP Charity,1,10
NYOP Charity,4,16
NYOP Charity,1,1.87
NYOP Charity,2,20
NYOP Charity,1,1
NYOP Charity,1,4.69
NYOP Charity,1,5
NYOP Charity,3,14.07
NYOP Charity,1,9.38
NYOP Charity,2,1
NYOP Charity,1,0.93
NYOP Charity,1,1
NYOP Charity,1,5
NYOP Charity,1,0.23
NYOP Charity,1,2.87
NYOP Charity,2,7
NYOP Charity,1,4.69
NYOP Charity,2,5.62
NYOP Charity,2,12
NYOP Charity,2,20
NYOP Charity,1,2
NYOP Charity,1,10
NYOP Charity,1,5.63
NYOP Charity,1,10
NYOP Charity,1,7.04
NYOP Charity,1,7.04
NYOP Charity,1,12.95
NYOP Charity,1,9.38
NYOP Charity,1,10
NYOP Charity,2,5
NYOP Charity,1,14.09
NYOP Charity,2,16
NYOP Charity,1,4.69
NYOP Charity,1,4.7
NYOP Charity,1,10
NYOP Charity,1,10
NYOP Charity,1,18.78
NYOP Charity,1,9.38
NYOP Charity,1,20
NYOP Charity,1,9.39
NYOP Charity,1,1.87
NYOP Charity,1,2.81
NYOP Charity,1,4.69
NYOP Charity,2,20
NYOP Charity,1,9.38
NYOP Charity,1,9.39
NYOP Charity,1,10
NYOP Charity,1,1.87
NYOP Charity,1,10
NYOP Charity,2,5
NYOP Charity,1,10
NYOP Charity,1,5
NYOP Charity,1,9.38
NYOP Charity,1,10
NYOP Charity,1,9.38
NYOP Charity,1,1
NYOP Charity,1,15
NYOP Charity,1,20
NYOP Charity,2,20
NYOP Charity,1,9.38
NYOP Charity,2,5
NYOP Charity,1,2
NYOP Charity,2,4
NYOP Charity,1,2
NYOP Charity,1,4.69
NYOP Charity,1,7.5
NYOP Charity,1,9.4
NYOP Charity,1,5.63
NYOP Charity,1,9.38
NYOP Charity,1,5
NYOP Charity,1,10
NYOP Charity,1,3
NYOP Charity,1,11.26
NYOP Charity,1,3
NYOP Charity,1,1.87
NYOP Charity,1,12
NYOP Charity,2,13
NYOP Charity,1,2
NYOP Charity,1,4.69
NYOP Charity,1,4.69
NYOP Charity,1,14.09
NYOP Charity,1,0.29
NYOP Charity,2,0.64
NYOP Charity,1,0.93
NYOP Charity,1,0.29
NYOP Charity,2,0.64
NYOP Charity,1,0.93
NYOP Charity,1,2
NYOP Charity,1,0.93
NYOP Charity,1,0.93
NYOP Charity,1,10
NYOP Charity,1,2.81
NYOP Charity,1,5
NYOP Charity,1,10
NYOP Charity,1,9.38
NYOP Charity,1,20
NYOP Charity,1,0.93
NYOP Charity,1,0.93
NYOP Charity,1,4.69
NYOP Charity,1,15
NYOP Charity,1,4.69
NYOP Charity,1,20
NYOP Charity,1,2.81
NYOP Charity,1,14.09
NYOP Charity,3,0.3
NYOP Charity,1,4.69
NYOP Charity,3,15
NYOP Charity,2,25.9
NYOP Charity,1,10
NYOP Charity,1,9.38
NYOP Charity,1,0.93
NYOP Charity,1,2
NYOP Charity,1,5
NYOP Charity,3,18
NYOP Charity,1,1.87
NYOP Charity,1,12.95
NYOP Charity,2,6
NYOP Charity,1,4.69
NYOP Charity,1,5
NYOP Charity,1,14
NYOP Charity,1,0.93
NYOP Charity,1,8
NYOP Charity,1,1.87
NYOP Charity,1,5
NYOP Charity,1,1.87
NYOP Charity,1,5
NYOP Charity,1,12.95
NYOP Charity,1,9.38
NYOP Charity,1,2.81
NYOP Charity,2,4
NYOP Charity,1,4.69
NYOP Charity,1,9.38
NYOP Charity,1,4.69
NYOP Charity,1,4.69
NYOP Charity,2,20
NYOP Charity,2,18.76
NYOP Charity,1,0.93
NYOP Charity,2,6
NYOP Charity,1,9.38
NYOP Charity,1,9.38
NYOP Charity,3,0.99
NYOP Charity,1,5
NYOP Charity,1,5.5
NYOP Charity,1,1.87
NYOP Charity,1,7
NYOP Charity,1,7.25
NYOP Charity,1,4.69
NYOP Charity,1,5
NYOP Charity,1,10
NYOP Charity,1,2
NYOP Charity,1,2
NYOP Charity,1,8.45
NYOP Charity,1,1.87
NYOP Charity,2,5
NYOP Charity,1,7
NYOP Charity,3,21
NYOP Charity,1,7.16
NYOP Charity,1,4.69
NYOP Charity,1,4.69
NYOP Charity,1,5
NYOP Charity,1,0.93
NYOP Charity,1,1
NYOP Charity,1,4.69
NYOP Charity,1,6
NYOP Charity,1,1.87
NYOP Charity,2,5
NYOP Charity,1,0.93
NYOP Charity,1,0.93
NYOP Charity,1,18.78
NYOP Charity,1,0.93
NYOP Charity,1,9.38
NYOP Charity,1,12.95
NYOP Charity,2,5
NYOP Charity,1,4.69
NYOP Charity,2,9.38
NYOP Charity,3,9
NYOP Charity,3,2.7
NYOP Charity,1,1.87
NYOP Charity,1,1.87
NYOP Charity,2,10
NYOP Charity,1,12.95
NYOP Charity,1,4.69
NYOP Charity,1,5.63
NYOP Charity,1,9.38
NYOP Charity,2,5
NYOP Charity,1,4.69
NYOP Charity,1,3.75
NYOP Charity,2,5
NYOP Charity,1,7.55
NYOP Charity,1,9.38
NYOP Charity,1,10
NYOP Charity,1,2.34
NYOP Charity,1,2.35
NYOP Charity,1,1.87
NYOP Charity,1,5
NYOP Charity,1,1.63
NYOP Charity,2,4
NYOP Charity,1,0.4
NYOP Charity,2,1
NYOP Charity,2,1.5
NYOP Charity,2,2
NYOP Charity,2,4
NYOP Charity,2,25.9
NYOP Charity,1,1.87
NYOP Charity,4,4
NYOP Charity,1,9.38
NYOP Charity,1,4.69
NYOP Charity,2,3.74
NYOP Charity,1,10
NYOP Charity,1,15
NYOP Charity,3,16.89
NYOP Charity,1,4.69
NYOP Charity,1,2
NYOP Charity,1,4.69
NYOP Charity,1,1
NYOP Charity,2,3
NYOP Charity,3,6
NYOP Charity,1,0.93
NYOP Charity,1,5
NYOP Charity,2,10
NYOP Charity,1,4.69
NYOP Charity,1,4.69
NYOP Charity,1,4.7
NYOP Charity,1,0.93
NYOP Charity,2,5
NYOP Charity,1,9.38
NYOP Charity,2,1.86
NYOP Charity,1,9.38
NYOP Charity,1,9.39
NYOP Charity,1,5
NYOP Charity,4,20
NYOP Charity,1,1.87
NYOP Charity,1,4.69
NYOP Charity,1,0.23
NYOP Charity,1,4.5
NYOP Charity,2,1
NYOP Charity,1,4.69
NYOP Charity,1,4.69
NYOP Charity,1,4.69
NYOP Charity,1,1
NYOP Charity,2,6
NYOP Charity,1,4.69
NYOP Charity,1,1.87
NYOP Charity,1,10
NYOP Charity,1,6.57
NYOP Charity,1,1
NYOP Charity,1,1.4
NYOP Charity,1,4.69
NYOP Charity,3,2.79
NYOP Charity,2,20
NYOP Charity,1,5
NYOP Charity,1,4.69
NYOP Charity,1,5
NYOP Charity,1,2.81
NYOP Charity,5,21.25
NYOP Charity,1,2.81
NYOP Charity,1,4.69
NYOP Charity,1,4.69
NYOP Charity,2,1
NYOP Charity,1,4.69
NYOP Charity,2,2
NYOP Charity,1,1
NYOP Charity,1,1.87
NYOP Charity,1,2.81
NYOP Charity,6,12
NYOP Charity,1,4.69
NYOP Charity,1,12.95
NYOP Charity,2,6
NYOP Charity,1,5
NYOP Charity,1,5.63
NYOP Charity,1,0.93
NYOP Charity,1,0.93
NYOP Charity,1,2
NYOP Charity,2,4.7
NYOP Charity,1,1
NYOP Charity,1,1
NYOP Charity,1,4.69
NYOP Charity,1,1
NYOP Charity,2,3.74
NYOP Charity,1,5
NYOP Charity,2,9.38
NYOP Charity,2,6
NYOP Charity,1,12.95
NYOP Charity,1,5
NYOP Charity,1,4.69
NYOP Charity,1,9.38
NYOP Charity,1,9.38
NYOP Charity,1,4.69
NYOP Charity,1,3.75
NYOP Charity,1,5.63
NYOP Charity,1,9.38
NYOP Charity,1,4.69
NYOP Charity,1,4.69
NYOP Charity,1,0.93
NYOP Charity,1,4.69
NYOP Charity,1,4.69
NYOP Charity,1,1
NYOP Charity,1,0.69
NYOP Charity,1,9.38
NYOP Charity,1,1.11
NYOP Charity,1,9.38
NYOP Charity,1,9.38
NYOP Charity,1,7.51
NYOP Charity,1,7.51
NYOP Charity,1,12.95
NYOP Charity,1,0.93
NYOP Charity,2,18.76
NYOP Charity,1,3.75
NYOP Charity,1,4.69
NYOP Charity,2,9.2
NYOP Charity,4,7.48
NYOP Charity,1,9.38
NYOP Charity,1,4.69
NYOP Charity,1,4.69
NYOP Charity,1,1.87
NYOP Charity,1,9.38
NYOP Charity,1,4.69
NYOP Charity,1,2
NYOP Charity,1,4.69
NYOP Charity,1,9.38
NYOP Charity,1,18.5
NYOP Charity,2,6
NYOP Charity,1,1.87
NYOP Charity,1,2
NYOP Charity,1,0.93
NYOP Charity,1,5.2
NYOP Charity,2,28
NYOP Charity,1,10
NYOP Charity,1,5
NYOP Charity,1,7.51
NYOP Charity,1,9.38
NYOP Charity,1,10
NYOP Charity,2,18.76
NYOP Charity,3,9
NYOP Charity,1,4.69
NYOP Charity,2,6
NYOP Charity,2,11.26
NYOP Charity,1,6.57
NYOP Charity,1,2
NYOP Charity,1,12.95
NYOP Charity,1,0.93
NYOP Charity,2,18.76
NYOP Charity,3,1.5
NYOP Charity,2,1
NYOP Charity,2,3.74
NYOP Charity,1,0.93
NYOP Charity,1,3
NYOP Charity,1,4.69
NYOP Charity,1,9.38
NYOP Charity,1,4.69
NYOP Charity,1,4.69
NYOP Charity,1,4.69
NYOP Charity,1,1.87
NYOP Charity,2,25.9
NYOP Charity,1,20
NYOP Charity,1,0.93
NYOP Charity,1,0.93
NYOP Charity,1,6
NYOP Charity,1,4.69
NYOP Charity,1,4.69
NYOP Charity,1,0.93
NYOP Charity,1,9.38
NYOP Charity,1,1
NYOP Charity,1,0.93
NYOP Charity,1,9.38
NYOP Charity,1,1.87
